title,company,location,link
Backend Engineer,Tessian,"London, UK",https://stackoverflow.com/jobs/547936
Python Developer (Remote),X-Team,No office location,https://stackoverflow.com/jobs/534454
Backend Software Engineer: Python/ Java (m/f/d),creditshelf,"Frankfurt am Main, Deutschland",https://stackoverflow.com/jobs/219940
Back-end developer (Python),Nolk,"Montreal, QC, Canada",https://stackoverflow.com/jobs/547896
(Senior) Backend Python Developer (m/f/x),Alasco,"München, Germany",https://stackoverflow.com/jobs/388312
"Senior Python Engineer, Backend (Remote)",AssemblyAI,"San Francisco, CA",https://stackoverflow.com/jobs/540026
Lead/Senior Software Engineer (Python/Django),Sector Labs,"Dubai, United Arab Emirates",https://stackoverflow.com/jobs/551454
C++ and Python software engineers - Metrology,ASML,"Veldhoven, Netherlands",https://stackoverflow.com/jobs/523429
(Junior) Software Developer Python (m/w/d),Univention GmbH,No office location,https://stackoverflow.com/jobs/550381
Senior Python Full Stack Engineer,e-bot7 GmbH,"Munich, Germany",https://stackoverflow.com/jobs/551750
"Senior Open Source Developer & DevOps (Python, Django, AWS, OpenStack)",OpenCraft,No office location,https://stackoverflow.com/jobs/453430
Python Linux Specialist Software Engineer,Canonical,No office location,https://stackoverflow.com/jobs/459775
"Senior Software Engineer, Integration QA, Python",Canonical,No office location,https://stackoverflow.com/jobs/519661
Senior Python Developer (Django + DRF),n.exchange,"Vilnius, Lithuania",https://stackoverflow.com/jobs/554539
Full Stack Engineer (m/f/d),Fashion Cloud,"Hamburg, Germany",https://stackoverflow.com/jobs/552985
Full Stack Engineer (m/f/d),Fashion Cloud,"Amsterdam, Netherlands",https://stackoverflow.com/jobs/552987
C++ developer in Berlin. 120 000 euro per year,think-cell,"Berlin, Germany",https://stackoverflow.com/jobs/36832
Data Backend Engineer,Tactile Games,"København, Denmark",https://stackoverflow.com/jobs/554364
"Software Engineer, Backend",SmartNews,"Shibuya City, Japan",https://stackoverflow.com/jobs/208334
"Full Stack Software Engineer, Business Integrity",ByteDance,Singapore,https://stackoverflow.com/jobs/553099
"Frontend Software Engineer, Business Integrity",ByteDance,Singapore,https://stackoverflow.com/jobs/553035
Senior Backend Engineer,Tessian,"London, UK",https://stackoverflow.com/jobs/547940
Software Architect (Django/Flask + React),Self Decode,No office location,https://stackoverflow.com/jobs/307459
"Backend Software Engineer, Business Integrity",ByteDance,Singapore,https://stackoverflow.com/jobs/553036
Senior Software Engineer - App Store APIs,Canonical,No office location,https://stackoverflow.com/jobs/551466
Middleware C++ Software Engineer for Linux (f/m/x),BMW Group,"Ulm, Deutschland",https://stackoverflow.com/jobs/528145
"Backend Software Engineer, Business Integrity",ByteDance,Singapore,https://stackoverflow.com/jobs/553036
Software Engineer (Monitoring System) - Working in Japan,LINE Fukuoka,"Fukuoka, Japan",https://stackoverflow.com/jobs/273841
Software Engineer - Backend (d/f/m),Stylight,"München, Deutschland",https://stackoverflow.com/jobs/549672
"Software Engineer, Platform Infrastructure",SmartNews,"Shibuya City, Japan",https://stackoverflow.com/jobs/448299
"Software Developers for our offices in Germany, France, and UK",Evotec SE,"Hamburg, Germany",https://stackoverflow.com/jobs/524299
"Senior Software Engineer, Backend - Landscape",Canonical,No office location,https://stackoverflow.com/jobs/551337
Backend Software Engineer - Trust and Safety Engineering,ByteDance,Singapore,https://stackoverflow.com/jobs/546396
Senior Full Stack Developer (f/m/x),Parkside,"Graz, Österreich",https://stackoverflow.com/jobs/552304
Full Stack Developer (Django + React),Self Decode,No office location,https://stackoverflow.com/jobs/524866
Front-End Software Engineer,HENNGE K.K.,"Tokyo, Japan",https://stackoverflow.com/jobs/381280
Backend Engineer - Partner API,Runtastic,"Vienna, Austria",https://stackoverflow.com/jobs/507680
C++ Software Developer (w/m/d) - Automotive Simulation - Munich / DE-remote,Paradox Cat GmbH,"München, Deutschland",https://stackoverflow.com/jobs/551302
"Backend Software Engineer, Customer Service Platform",ByteDance,Singapore,https://stackoverflow.com/jobs/529048
"Backend Software Engineer, Video Infrastructure",ByteDance,Singapore,https://stackoverflow.com/jobs/547751
Senior Software Engineer/SRE - Trading Analytics,Bloomberg LP,"London, UK",https://stackoverflow.com/jobs/551412
Backend Engineer,,"Tokyo, Japan",https://stackoverflow.com/jobs/516824
Data Engineer,CluePoints S.A.,"Ottignies-Louvain-la-Neuve, Belgium",https://stackoverflow.com/jobs/536259
DevOps Engineer,Esri,"Melbourne, Australia",https://stackoverflow.com/jobs/551635
(Senior) DevOps Cloud / AWS Engineer (m/f/x),Alasco,"München, Germany",https://stackoverflow.com/jobs/521980
Senior Software Engineer (Frontend),Deepfield Networks,"Ann Arbor, MI",https://stackoverflow.com/jobs/185876
DevOps Engineer – Book & Stay,trivago N.V.,"Düsseldorf, Germany",https://stackoverflow.com/jobs/554228
(Senior) Android Software Developer - Munich,Paradox Cat GmbH,"München, Deutschland",https://stackoverflow.com/jobs/181583
Senior Software Engineer | Cryptocurrency trading | C++/Rust,BlockTech,"Amsterdam, Netherlands",https://stackoverflow.com/jobs/501179
"Software Engineer, Speech & Audio",ByteDance,Singapore,https://stackoverflow.com/jobs/553106
Chromium Software Engineer,eyeo GmbH,No office location,https://stackoverflow.com/jobs/509364
Back-End Software Engineer,HENNGE K.K.,"Tokyo, Japan",https://stackoverflow.com/jobs/380985
"Senior GoLang Engineer - Retention Domain, Core Order (f/m/d)",Delivery Hero SE,"Berlin, Germany",https://stackoverflow.com/jobs/540169
"Software Engineer, Speech & Audio",ByteDance,Singapore,https://stackoverflow.com/jobs/553106
Backend Developer (PHP/Symfony) (Work Remotely Anywhere In Europe!),InterNations,"Munich, Germany",https://stackoverflow.com/jobs/548561
"Backend Tech Lead, Customer Service Platform",ByteDance,Singapore,https://stackoverflow.com/jobs/546681
Software Developer - Raster,Esri,"Sharjah, United Arab Emirates",https://stackoverflow.com/jobs/548611
Senior Systems Engineer,Quantcast,"London, UK",https://stackoverflow.com/jobs/513340
DevOps Cloud Engineer m/w/d,MARC O'POLO International GmbH,"Stephanskirchen, Deutschland",https://stackoverflow.com/jobs/519984
(Senior) Backend Engineer at mobility start-up (m/f/x) - Munich or Remote,FINN,"München, Germany",https://stackoverflow.com/jobs/331741
Site Reliability Engineer (SRE) / DevOps,OneFootball GmbH,"Berlin, Germany",https://stackoverflow.com/jobs/541300
Senior Data Engineer,All Options,"Amsterdam, Netherlands",https://stackoverflow.com/jobs/550399
Senior Bioinformatician,Sanger Institute,"Hinxton, UK",https://stackoverflow.com/jobs/552348
Site Reliability Engineer (Applied Machine Learning),ByteDance,Singapore,https://stackoverflow.com/jobs/553811
Site Reliability Engineer,GeoPhy,"Den Haag, Netherlands",https://stackoverflow.com/jobs/532887
Software Engineer - Ubuntu Server,Canonical,No office location,https://stackoverflow.com/jobs/453719
Software Engineer - Infrastructure,Chorus One,No office location,https://stackoverflow.com/jobs/552285
Front End Software Engineer – HPC Products,DUG Technology,"West Perth, Australia",https://stackoverflow.com/jobs/528137
Senior Software Engineer - Cloud Engineering,Canonical,No office location,https://stackoverflow.com/jobs/535495
Senior Software Engineer - Data Platform,GoodNotes,Hong Kong,https://stackoverflow.com/jobs/545556
Site Reliability Engineer - Infrastructure Engineering,ByteDance,Singapore,https://stackoverflow.com/jobs/553810
Site Reliability Engineer at RELEX Solutions,RELEX,"Helsinki, Finland",https://stackoverflow.com/jobs/550719
Global Platform Engineer - Coordinator,Adevinta,"Barcelona, Spain",https://stackoverflow.com/jobs/546442
VP Engineering at mobility start-up (m/f/x),FINN,"München, Germany",https://stackoverflow.com/jobs/445056
Devops Engineer - Infrastructure Engineering,ByteDance,Singapore,https://stackoverflow.com/jobs/553812
Software Engineering Manager (Golang / GCP) (Global Service Tech) (f/m/d),Delivery Hero SE,"Berlin, Germany",https://stackoverflow.com/jobs/550188
Site Reliability Engineer (SRE) / DevOps,OneFootball GmbH,"Berlin, Germany",https://stackoverflow.com/jobs/541300
Site Reliability Engineer - Infrastructure Engineering,ByteDance,Singapore,https://stackoverflow.com/jobs/553810
"Testing Software Engineer, TikTok e-Commerce",ByteDance,Singapore,https://stackoverflow.com/jobs/533132
Site Reliability Engineer (Applied Machine Learning),ByteDance,Singapore,https://stackoverflow.com/jobs/553811
Software Engineer - Ubuntu Server,Canonical,No office location,https://stackoverflow.com/jobs/453719
(Senior) Frontend React Developer (m/f/x),Alasco,"München, Germany",https://stackoverflow.com/jobs/388313
Software Engineer - Infrastructure,Chorus One,No office location,https://stackoverflow.com/jobs/552285
Senior Software Engineer - Cloud Engineering,Canonical,No office location,https://stackoverflow.com/jobs/535495
Senior Software Engineer - Launchpad,Canonical,No office location,https://stackoverflow.com/jobs/530389
Senior Software Engineer - Linux Engineering,Canonical,No office location,https://stackoverflow.com/jobs/540018
Senior Software Engineer - Data Platform,GoodNotes,Hong Kong,https://stackoverflow.com/jobs/545556
Data Engineer (Remote),X-Team,No office location,https://stackoverflow.com/jobs/534443
.NET Integration Engineer (f/m/d),HeidelbergCement AG,"Heidelberg, Deutschland",https://stackoverflow.com/jobs/536830
Software Engineer - Docker Images & Community,Canonical,No office location,https://stackoverflow.com/jobs/534266
Software Engineer,Codethink,"Manchester, UK",https://stackoverflow.com/jobs/497574
Software Engineer (Go) *Residents only,HENNGE K.K.,"Tokyo, Japan",https://stackoverflow.com/jobs/537693
Devops Engineer - Infrastructure Engineering,ByteDance,Singapore,https://stackoverflow.com/jobs/553812
Build Engineer,Flow Traders,"Amsterdam, Netherlands",https://stackoverflow.com/jobs/117221
Senior Ruby on Rails developer,Marketer Technologies AS,"Oslo, Norway",https://stackoverflow.com/jobs/518196
Frontend Engineer (Messaging team),Adevinta,"Barcelona, Spain",https://stackoverflow.com/jobs/546443
Tech Lead Engineering at mobility start-up (m/f/x) - Munich or Remote,FINN,No office location,https://stackoverflow.com/jobs/541678
Staff Software Engineer - Remote,Google,"Bengaluru, India",https://stackoverflow.com/jobs/312013
Data Scientist -Working in Japan,LINE Fukuoka,"Fukuoka, Japan",https://stackoverflow.com/jobs/487468
"Site Reliability Engineer, Recommendation Architecture",ByteDance,Singapore,https://stackoverflow.com/jobs/553104
Software Engineering Manager (Golang / GCP) (Global Service Tech) (f/m/d),Delivery Hero SE,"Berlin, Germany",https://stackoverflow.com/jobs/550188
McCloud HPC Expert,DUG Technology,"West Perth, Australia",https://stackoverflow.com/jobs/396027
Data Engineer (Remote),X-Team,No office location,https://stackoverflow.com/jobs/534443
Software Engineer - Docker Images & Community,Canonical,No office location,https://stackoverflow.com/jobs/534266
"Algorithm Engineer, Enterprise Partnership & Solutions",ByteDance,Singapore,https://stackoverflow.com/jobs/523517
Senior Machine Learning Engineer - Location (f/m/d),Delivery Hero SE,"Berlin, Germany",https://stackoverflow.com/jobs/541111
Software Engineer (Go) *Residents only,HENNGE K.K.,"Tokyo, Japan",https://stackoverflow.com/jobs/537693
Staff Software Engineer - Remote,Google,"Bengaluru, India",https://stackoverflow.com/jobs/312013
"Full Stack Developer, CMS","U.S. News & World Report, Inc.",No office location,https://stackoverflow.com/jobs/468941
"Cloud Operations Engineer, EMEA",Canonical,No office location,https://stackoverflow.com/jobs/522546
Data Science Manager - Location (f/m/d),Delivery Hero SE,"Berlin, Germany",https://stackoverflow.com/jobs/554236
Tech Lead Engineering at mobility start-up (m/f/x) - Munich or Remote,FINN,No office location,https://stackoverflow.com/jobs/541678
SAP Integration Engineer (NetWeaver Gateway / ABAP) (f/m/d),HeidelbergCement AG,"Heidelberg, Deutschland",https://stackoverflow.com/jobs/536832
Software Engineer Cloud DevOps - IaC,Samotics,"Leiden, Netherlands",https://stackoverflow.com/jobs/519033
Senior PHP Developer (f/m/d),Saloodo! GmbH,"Köln, Deutschland",https://stackoverflow.com/jobs/487854
Deep Learning Software Engineer (media software),Intel Corporation,"Bengaluru, India",https://stackoverflow.com/jobs/539260
C++ Software development engineer,ASML,"Shenzhen, China",https://stackoverflow.com/jobs/465912
"DevOps Engineer, Cloud Data Warehouse",ByteDance,Singapore,https://stackoverflow.com/jobs/550284
Senior Software Development Engineer in Test (SDET),Creative Assembly,"Horsham, UK",https://stackoverflow.com/jobs/513451
"Full Stack Engineer - (Ionic, Angular)",Modus Create,No office location,https://stackoverflow.com/jobs/554420
Software-Test Engineer Autonomous Driving (f/m/x),BMW Group,"München, Deutschland",https://stackoverflow.com/jobs/551286
Full Stack Software Engineer: Ruby on Rails (m/f/d),creditshelf,"Frankfurt am Main, Deutschland",https://stackoverflow.com/jobs/220001
C++ Expert,Codethink,"Manchester, UK",https://stackoverflow.com/jobs/550199
"Cloud Operations Engineer, APAC",Canonical,No office location,https://stackoverflow.com/jobs/526213
Senior/Lead DevOps Engineer,Sector Labs,"Dubai, United Arab Emirates",https://stackoverflow.com/jobs/551607
Software-Test Engineer Autonomous Driving (f/m/x),BMW Group,"München, Deutschland",https://stackoverflow.com/jobs/551286
"Site Reliability Engineer, Video Infrastructure",ByteDance,Singapore,https://stackoverflow.com/jobs/547753
Senior Bioinformatician,Sanger Institute,"Hinxton, UK",https://stackoverflow.com/jobs/552347
Field Software Engineer - EMEA,Canonical,No office location,https://stackoverflow.com/jobs/501791
Senior Machine Learning Engineer - Location (f/m/d),Delivery Hero SE,"Berlin, Germany",https://stackoverflow.com/jobs/541111
Software Development Engineer in Test,Intel Corporation,"Bengaluru, India",https://stackoverflow.com/jobs/539336
Senior Database Engineer - MongoDB,Wise,"London, UK",https://stackoverflow.com/jobs/525703
Senior Site Reliability Engineer,Labforward GmbH,"Berlin, Germany",https://stackoverflow.com/jobs/525818
Cloud Engineer (remote),Platform.sh,No office location,https://stackoverflow.com/jobs/493242
C++ Expert,Codethink,"Manchester, UK",https://stackoverflow.com/jobs/550199
Mid / Senior Data Scientist (f/m/x),AUTO1,"Berlin, Germany",https://stackoverflow.com/jobs/552317
Mobile Build and Release Engineer,SYBO,"København, Denmark",https://stackoverflow.com/jobs/524811
Senior Data Engineer,Forto GmbH,"Berlin, Germany",https://stackoverflow.com/jobs/550414
"Senior Software Engineers - AI, Analytics & Data",H & M Hennes & Mauritz GBC AB,"Stockholm, Sweden",https://stackoverflow.com/jobs/524983
"VP, Software Engineering",Canonical,No office location,https://stackoverflow.com/jobs/553806
"Cloud Operations Engineer, Americas",Canonical,No office location,https://stackoverflow.com/jobs/522545
Senior Data Analyst (f/m/x),AUTO1,"Berlin, Germany",https://stackoverflow.com/jobs/552314
Software Engineering Lead - Fast Track,Canonical,No office location,https://stackoverflow.com/jobs/522163
Platform Technical Lead,Sanger Institute,"Hinxton, UK",https://stackoverflow.com/jobs/554567
Lead Data & Integration Engineer (HProduce) (f/m/d),HeidelbergCement AG,"Heidelberg, Deutschland",https://stackoverflow.com/jobs/537895
Lead Infrastructure Engineer,,"New York, NY",https://stackoverflow.com/jobs/525771
C++ Software Engineer,Flow Traders,"Amsterdam, Netherlands",https://stackoverflow.com/jobs/191010
"Cloud Operations Engineer, APAC",Canonical,No office location,https://stackoverflow.com/jobs/526213
Senior Site Reliability Engineer - Consumer Discovery (f/m/d),Delivery Hero SE,"Berlin, Germany",https://stackoverflow.com/jobs/528277
Data Engineer (m/f/d),Personio,"München, Germany",https://stackoverflow.com/jobs/544775
Data Engineer,Samotics,"Leiden, Netherlands",https://stackoverflow.com/jobs/518209
Embedded Linux Engineer,Canonical,No office location,https://stackoverflow.com/jobs/551201
Business Intelligence Engineer,trivago N.V.,"Düsseldorf, Germany",https://stackoverflow.com/jobs/538326
C++ Programmer (remote/onsite),BeamNG GmbH,No office location,https://stackoverflow.com/jobs/531117
Technical Account Manager - Americas (Remote),Platform.sh,No office location,https://stackoverflow.com/jobs/545185
Lead Data & Integration Engineer (HConnect) (f/m/d),HeidelbergCement AG,"Heidelberg, Deutschland",https://stackoverflow.com/jobs/537894
Data Engineer (m/f/d) R&D,Covestro Deutschland AG,"Leverkusen, Deutschland",https://stackoverflow.com/jobs/528956
Senior Software Engineer,Intel Corporation,"Bengaluru, India",https://stackoverflow.com/jobs/539300
Technical Account Manager - EMEA (Remote),Platform.sh,No office location,https://stackoverflow.com/jobs/545184
DevOps Lead (Data&Privacy),Adevinta,"Barcelona, Spain",https://stackoverflow.com/jobs/538580
Embedded Linux Engineer,Canonical,No office location,https://stackoverflow.com/jobs/541320
Analytics Engineer,Epidemic Sound AB,"Stockholm, Sweden",https://stackoverflow.com/jobs/536049
IT Security Engineer for Linux based embedded Platforms (f/m/x),BMW Group,"Ulm, Deutschland",https://stackoverflow.com/jobs/498107
Cloud Support Engineer (EMEA - Remote),Platform.sh,No office location,https://stackoverflow.com/jobs/550747
"Onsite Linux and Private Cloud Engineer, Tokyo (Remote)",Canonical,No office location,https://stackoverflow.com/jobs/534042
"ICT Specialist [Expert on Business Intelligence, Data Analytics, and Machine]",UNOPS - The United Nations Office for Project Services,"New York, NY",https://stackoverflow.com/jobs/546338
Cloud Developer for high performance computing product,Bright Computing,"Amsterdam, Netherlands",https://stackoverflow.com/jobs/540202
Linux Kernel Engineer,Canonical,No office location,https://stackoverflow.com/jobs/544576
"Data Engineer, Personalization and Recommendations",eBay Classifieds Group,"Amsterdam, Netherlands",https://stackoverflow.com/jobs/549081
"Data Engineer, Ad Growth and Monetization",eBay Classifieds Group,"Amsterdam, Netherlands",https://stackoverflow.com/jobs/549084
Software Engineering Lead - Fast Track,Canonical,No office location,https://stackoverflow.com/jobs/522163
Kubernetes Engineering Manager,Canonical,No office location,https://stackoverflow.com/jobs/551186
Systems Engineer - Cloud - APAC,Canonical,No office location,https://stackoverflow.com/jobs/512382
Data Engineer (m/f/d),Personio,"München, Germany",https://stackoverflow.com/jobs/544775
"Staff Data Engineer, Ad Growth and Monetization",eBay Classifieds Group,"Amsterdam, Netherlands",https://stackoverflow.com/jobs/549085
Software Engineering Manager - Fast Track,Canonical,No office location,https://stackoverflow.com/jobs/518810
"ICT Specialist [Expert on Business Intelligence, Data Analytics, and Machine]",UNOPS - The United Nations Office for Project Services,"New York, NY",https://stackoverflow.com/jobs/546338
Data Engineer,Samotics,"Leiden, Netherlands",https://stackoverflow.com/jobs/518209
Senior IoT Systems Engineer,Canonical,No office location,https://stackoverflow.com/jobs/512740
"Data Engineer, Personalization and Recommendations",eBay Classifieds Group,"Amsterdam, Netherlands",https://stackoverflow.com/jobs/549081
Kubernetes Engineering Manager,Canonical,No office location,https://stackoverflow.com/jobs/551186
"Staff Data Engineer, Ad Growth and Monetization",eBay Classifieds Group,"Amsterdam, Netherlands",https://stackoverflow.com/jobs/549085
"Dedicated Linux Engineer, AMER",Canonical,No office location,https://stackoverflow.com/jobs/461308
Systems Engineer - Cloud - APAC,Canonical,No office location,https://stackoverflow.com/jobs/512382
"Staff Data Engineer, Personalization and Recommendations",eBay Classifieds Group,"Amsterdam, Netherlands",https://stackoverflow.com/jobs/549083
C++ Developer for High-Performance Cloud Database Kernel (SAP HANA),SAP,"Seoul, South Korea",https://stackoverflow.com/jobs/551290
Systems Engineer - Cloud - Americas,Canonical,No office location,https://stackoverflow.com/jobs/530282
Full Stack Lead/Architect (Sr. Deep Learning R and D Engineer),Intel Corporation,"Bengaluru, India",https://stackoverflow.com/jobs/539294
DevOps Engineer (Hong Kong),Mox Bank,Hong Kong,https://stackoverflow.com/jobs/529223
Software Engineering Manager,Intel Corporation,"Bengaluru, India",https://stackoverflow.com/jobs/539256
Software DevOps Engineer,Intel Corporation,"Bengaluru, India",https://stackoverflow.com/jobs/539296
Associate IoT Systems Engineer,Canonical,No office location,https://stackoverflow.com/jobs/487604
Site Reliability Engineering Manager,Canonical,No office location,https://stackoverflow.com/jobs/533163
Graphics SRIOV Virtualization Developer,Intel Corporation,"Bengaluru, India",https://stackoverflow.com/jobs/539293
Software Engineering Director - Fast Track,Canonical,No office location,https://stackoverflow.com/jobs/518809
Network Software Engineer,Intel Corporation,"Bengaluru, India",https://stackoverflow.com/jobs/539257
"Onsite Linux Engineer, NY Metro Area (AMERICAS)",Canonical,No office location,https://stackoverflow.com/jobs/534711
Site Reliability Engineering Lead (Hong Kong),Mox Bank,Hong Kong,https://stackoverflow.com/jobs/529224
Edge AI Deep Learning Validation Engineer,Intel Corporation,"Bengaluru, India",https://stackoverflow.com/jobs/539297
Senior Data Engineer (in Hong Kong),Mox Bank,Hong Kong,https://stackoverflow.com/jobs/529221
Data Engineering Manager - Location (f/m/d),Delivery Hero SE,"Berlin, Germany",https://stackoverflow.com/jobs/554235
Senior Data Engineer (in Hong Kong),Mox Bank,Hong Kong,https://stackoverflow.com/jobs/529221
Senior Backend Developer (f/m/d),HOMELIKE INTERNET GmbH,"Köln, Deutschland",https://stackoverflow.com/jobs/522556
Machine Learning Engineer (m/f/d) - Industrial Data Science and Software,Smart Steel Technologies GmbH,"Berlin, Germany",https://stackoverflow.com/jobs/273378
Engineering Technical Recruiter,QuantCo,"Berlin, Deutschland",https://stackoverflow.com/jobs/553017
Senior Software Engineer - Agent Tools,Assurance,No office location,https://stackoverflow.com/jobs/504974
Engineering Technical Recruiter,QuantCo,"Berlin, Deutschland",https://stackoverflow.com/jobs/553016
NLP Developer,"Yaraku, Inc.","Shibuya City, Japan",https://stackoverflow.com/jobs/286235
"Tech Lead Engineering Manager, Trust and Safety Engineering",ByteDance,Singapore,https://stackoverflow.com/jobs/546397
Senior Data Engineer,Tessian,"London, UK",https://stackoverflow.com/jobs/547943
Senior Data Scientist,Tessian,"London, UK",https://stackoverflow.com/jobs/547935
Scientific Applications Developer,DownUnder GeoSolutions Pty Ltd,"West Perth, Australia",https://stackoverflow.com/jobs/352726
Researcher,IOVLABS,No office location,https://stackoverflow.com/jobs/448524
Lead Data Scientist,Tessian,"London, UK",https://stackoverflow.com/jobs/547937
Machine Learning Technical Lead - E-commerce Risk Management,ByteDance,Singapore,https://stackoverflow.com/jobs/525174
현대오토에버 대규모 경력사원,현대오토에버,서울 강남구,https://kr.indeed.com/viewjob?jk=1459d49745ee52f4&tk=1fhq95u1o379b000&from=serp&vjs=3
각 부문 신입 및 경력 공개(사세확장),모니터코퍼레이션,서울 서초구,https://kr.indeed.com/viewjob?jk=2db8c5d41a5dfe50&tk=1fhq95u1o379b000&from=serp&vjs=3
JTBC 디지털 서비스 기획/개발 경력,제이티비씨,서울 중구,https://kr.indeed.com/viewjob?jk=d49811a549c1321c&tk=1fhq95u1o379b000&from=serp&vjs=3
빅데이터팀(BI개발) 경력직 (서울 본사) - 10월지원,주)코웨이,서울 구로구,https://kr.indeed.com/viewjob?jk=96c829c63d23b8e4&tk=1fhq95u1o379b000&from=serp&vjs=3
"데이터베이스개발자, 웹개발 신입/경력 정규직",여의도사람들,서울 영등포구,https://kr.indeed.com/viewjob?jk=e91b5984e7f5d3fd&tk=1fhq95u1o379b000&from=serp&vjs=3
[전액정부지원] 공공데이터 빅데이터분석전문가 교육생,하이미디어아카데미,서울 종로구,https://kr.indeed.com/viewjob?jk=42ba7c51b5b4d95c&tk=1fhq95u1o379b000&from=serp&vjs=3
Front-end 포지션 (리엑트 개발) 신입 및 경력사원(정규직),비욘드테크,서울 금천구,https://kr.indeed.com/viewjob?jk=bff0b8b154a2ea10&tk=1fhq95u1o379b000&from=serp&vjs=3
2021년 레이팩트 웹퍼블리셔(프론트엔드),하우커뮤니케이션,서울 마포구,https://kr.indeed.com/viewjob?jk=d5ceb537cf868388&tk=1fhq95u1o379b000&from=serp&vjs=3
스타트업 정규 개발직 경력사원,아이언트레인,서울 강남구,https://kr.indeed.com/viewjob?jk=91741a6333cc5d78&tk=1fhq95u1o379b000&from=serp&vjs=3
(유연근무/서브job환영) 웹 UI 프론트/백엔드 개발자,아정네트웍스,서울,https://kr.indeed.com/viewjob?jk=7506b1c346e72e59&tk=1fhq95u1o379b000&from=serp&vjs=3
11번가 마이데이터 Fintech 개발 직군,십일번가,서울 강남구,https://kr.indeed.com/viewjob?jk=1af973e75a47ac43&tk=1fhq95u1o379b000&from=serp&vjs=3
21년 피타그래프 개발 부문(경력),피타그래프,서울 강서구,https://kr.indeed.com/viewjob?jk=97616f272c79f0b5&tk=1fhq95u1o379b000&from=serp&vjs=3
[싸이버원] 직무별 (정보보안/정보보호),싸이버원,서울 서초구,https://kr.indeed.com/viewjob?jk=8b2dd1bc4754ea29&tk=1fhq95u1o379b000&from=serp&vjs=3
"새싹 (SeSAC, Seoul Software Academy) 소프트웨어 개발자 데뷔 1기 교육생",재단법인 서울산업진흥원,서울 마포구,https://kr.indeed.com/viewjob?jk=c3f7a3b0bf91b087&tk=1fhq95u1o379b000&from=serp&vjs=3
공통플랫폼개발팀(Front-end 개발자) 경력직 (서울 본사) - 10월지원,주)코웨이,서울 구로구,https://kr.indeed.com/viewjob?jk=8ad0cdf84df77109&tk=1fhq95u1o379b000&from=serp&vjs=3
삼성 청년 SW 아카데미 7기,삼성 청년 SW 아카데미,서울 강남구,https://kr.indeed.com/viewjob?jk=cdfee6754c545fba&tk=1fhq95u1o379b000&from=serp&vjs=3
프론트엔드 신입 정규직,YGBS,서울 강남구,https://kr.indeed.com/viewjob?jk=58b75bdc2511df82&tk=1fhq95u1o379b000&from=serp&vjs=3
[신입/경력] 모바일/웹 개발자 정규직,블랍스,서울 강남구,https://kr.indeed.com/viewjob?jk=bde56f46af4e9a3a&tk=1fhq95u1o379b000&from=serp&vjs=3
인재 Pool 등록(경력),LG CNS,서울,https://kr.indeed.com/viewjob?jk=363119ac83bd5bb0&tk=1fhq95u1o379b000&from=serp&vjs=3
(주)노랑풍선 IT부문 개발자 경력직,노랑풍선,서울 중구,https://kr.indeed.com/viewjob?jk=921753fa16f0789d&tk=1fhq95u1o379b000&from=serp&vjs=3
"프론트엔드, 웹퍼블리셔 신입/경력 정규직, 계약직",엠제이팀,서울 서대문구,https://kr.indeed.com/viewjob?jk=c25d73b4802a1f93&tk=1fhq95u1o379b000&from=serp&vjs=3
[대형증권사] 파생퀀트,인코리아 프로페셔널,서울 강남구,https://kr.indeed.com/viewjob?jk=df560676217ba10f&tk=1fhq95u1o379b000&from=serp&vjs=3
"(주)이롬넷 2021년 4분기 핀테크(PG) 개발자,SE",이롬넷,서울 강남구,https://kr.indeed.com/viewjob?jk=4cab5275d33a036d&tk=1fhq95u1o379b000&from=serp&vjs=3
웹 개발자 [[관악고용센터 대행]],엔프라미스,서울 금천구,https://kr.indeed.com/viewjob?jk=a3def309166f849a&tk=1fhq95u1o379b000&from=serp&vjs=3
"프론트엔드, 백엔드 외 신입/경력 정규직",모르는사람들,서울 서초구,https://kr.indeed.com/viewjob?jk=68be72f6fd48e61c&tk=1fhq95u1o379b000&from=serp&vjs=3
"프론트엔드, 백엔드 개발 경력 정규직",토이스미스,서울 강남구,https://kr.indeed.com/viewjob?jk=fdd1ec500461c093&tk=1fhq95u1o379b000&from=serp&vjs=3
[토스] Frontend Developer(단기계약직)분,비바리퍼블리카,서울 강남구,https://kr.indeed.com/viewjob?jk=a48c77f610c01913&tk=1fhq95u1o379b000&from=serp&vjs=3
신사업 경력직 채용[수소],현대글로비스,서울 역삼동,https://kr.indeed.com/viewjob?jk=a320f1de4b2555d4&tk=1fhq95u1o379b000&from=serp&vjs=3
"웹개발, 프론트엔드 경력 계약직",비즈코웍,서울 서초구,https://kr.indeed.com/viewjob?jk=13bc4aba94568983&tk=1fhq95u1o379b000&from=serp&vjs=3
[JAVA/JSP/SPRING] 웹프로그래머 경력 및 신입개발자,엠지엠엘,서울 금천구,https://kr.indeed.com/viewjob?jk=555cac7c84799f39&tk=1fhq95u1o379b000&from=serp&vjs=3
(천재교과서) IT 개발자 /[[관악고용센터 대행]],천재교과서,서울 금천구,https://kr.indeed.com/viewjob?jk=55f7d23d0f39717c&tk=1fhq95u1o379b000&from=serp&vjs=3
[K Car] 웹퍼블리셔 경력직,케이카,서울 중구,https://kr.indeed.com/viewjob?jk=5080ebb94c3efdb3&tk=1fhq95u1o379b000&from=serp&vjs=3
프론트엔드 개발자,오너클랜,서울 금천구,https://kr.indeed.com/viewjob?jk=f97f16180ce9fbc8&tk=1fhq95u1o379b000&from=serp&vjs=3
"(서울·강서)PHP 프론트엔드 개발자, 웹 개발자",원업크리에이티브,서울 강서구,https://kr.indeed.com/viewjob?jk=7d6d0284af82e9f4&tk=1fhq95u1o379b000&from=serp&vjs=3
웹 퍼블리셔,파수,서울 마포구,https://kr.indeed.com/viewjob?jk=67837058acd36348&tk=1fhq95u1o379b000&from=serp&vjs=3
"프론트엔드, 웹개발 경력 정규직",와인루트,서울 서초구,https://kr.indeed.com/viewjob?jk=6a63ea8ce0f7a002&tk=1fhq95u1o379b000&from=serp&vjs=3
웹 프론트엔드 엔지니어,Nearthlab,서울 역삼역,https://kr.indeed.com/viewjob?jk=34d74e4ff3618f1a&tk=1fhq95u1o379b000&from=serp&vjs=3
AI/BigData 인재 (신입/경력),LG이노텍,서울 마곡역,https://kr.indeed.com/viewjob?jk=224971cd3009c4ba&tk=1fhq95u1o379b000&from=serp&vjs=3
"프론트엔드, 백엔드 외 신입/경력 정규직",세이어바웃,서울 금천구,https://kr.indeed.com/viewjob?jk=653ce06bec2c57fb&tk=1fhq95u1o379b000&from=serp&vjs=3
[개발자] 모비데이즈 프론트엔드 개발자 경력직 채용,Mobidays,서울특별시,https://kr.indeed.com/viewjob?jk=115c46e0d1df11d8&tk=1fhq95u1o379b000&from=serp&vjs=3
[펜타시큐리티] 사내 정보시스템/고객지원센터 프론트엔드 웹/모바일 개발 담당자,펜타시큐리티시스템,서울 영등포구,https://kr.indeed.com/viewjob?jk=501f302be8f26ddb&tk=1fhq95u1o379b000&from=serp&vjs=3
[신규 프로젝트: 마이쿠키런] 웹 프론트엔드 개발자 (경력),데브시스터즈,서울 강남구,https://kr.indeed.com/viewjob?jk=0362c7f7d05ec1d0&tk=1fhq95u1o379b000&from=serp&vjs=3
웹 백엔드 엔지니어 (경력),Nearthlab,서울 역삼역,https://kr.indeed.com/viewjob?jk=6e4076550774669d&tk=1fhq95u1o379b000&from=serp&vjs=3
프론트엔드 신입/경력 정규직,로제타텍,서울 서초구,https://kr.indeed.com/viewjob?jk=ccc23a4e453a4cd2&tk=1fhq95u1o379b000&from=serp&vjs=3
"웹개발, PHP 외 신입/경력 정규직",시큐링크,서울 금천구,https://kr.indeed.com/viewjob?jk=9e03f4f1e4bbac36&tk=1fhq95u1o379b000&from=serp&vjs=3
[(주)엔터핀] 프론트엔드 개발자,엔터핀,서울 강남구,https://kr.indeed.com/viewjob?jk=11a456f7f57388df&tk=1fhq95u1o379b000&from=serp&vjs=3
개발(앱/웹/프론트엔드/백엔드/웹디자인),슈닥,서울 서초구,https://kr.indeed.com/viewjob?jk=71cb82602f192167&tk=1fhq95u1o379b000&from=serp&vjs=3
3년이상 웹프로그래머(개발자) 경력자,조인피아정보,서울 중랑구,https://kr.indeed.com/viewjob?jk=def7a12d9d98edd2&tk=1fhq95u1o379b000&from=serp&vjs=3
"[와이즈커머스] 이커머스 전 직군(운영, PM, QA, 시스템개발) 정규직",와이즈커머스,서울 강남구,https://kr.indeed.com/viewjob?jk=3b3405a663b53ac3&tk=1fhq95u1o379b000&from=serp&vjs=3
IT 플랫폼개발 (유명 대기업),바이커리어,서울 서초구,https://kr.indeed.com/viewjob?jk=6d969d475446369e&tk=1fhq95u1o379b000&from=serp&vjs=3
HOT한 스타트업 엑씽크 시니어 개발자,엑씽크,서울 강남구,https://kr.indeed.com/viewjob?jk=e08b48436784c03d&tk=1fhq95u1o379b000&from=serp&vjs=3
웹 프론트엔드 소프트웨어 엔지니어,데브시스터즈,서울 강남구,https://kr.indeed.com/viewjob?jk=7206872bbb3d7d4b&tk=1fhq95u1o379b000&from=serp&vjs=3
딥러닝 기반 영상처리 기술 개발 함께 하실 분,써로마인드로보틱스,서울 관악구,https://kr.indeed.com/viewjob?jk=3454b88c877e7bca&tk=1fhq95u1o379b000&from=serp&vjs=3
"웹디자이너, 프론트엔드 개발 정규직",데이터누리,서울 강서구,https://kr.indeed.com/viewjob?jk=d9b3ada0c63296ff&tk=1fhq95u1o379b000&from=serp&vjs=3
"스마트폰 어플리케이션(App), 웹개발 외 경력 정규직",에이치랩,서울 금천구,https://kr.indeed.com/viewjob?jk=d89bee33eb6a66b7&tk=1fhq95u1o379b000&from=serp&vjs=3
웹서버/프론트엔드 엔지니어 (전문연구요원 가능),아이엠랩,서울 강남구,https://kr.indeed.com/viewjob?jk=f3bb255ebc80ace8&tk=1fhq95u1o379b000&from=serp&vjs=3
즐겁게 함께 일할 신입 웹 개발자,필링크코리아,서울 구로구,https://kr.indeed.com/viewjob?jk=5ec5e9172a02d97b&tk=1fhq95u1o379b000&from=serp&vjs=3
2021년 레이팩트 웹퍼블리셔(프론트엔드).,레이팩트,서울 마포구,https://kr.indeed.com/viewjob?jk=dde85f93d152d4ae&tk=1fhq95u1o379b000&from=serp&vjs=3
"앱/웹 서비스 기획 정규직 (UI/UX, 경력 3년이상)",구구스,서울 강남구,https://kr.indeed.com/viewjob?jk=8ab74516f9aff370&tk=1fhq95u1o379b000&from=serp&vjs=3
프론트엔드 웹 개발자,펄핏,서울 강남구,https://kr.indeed.com/viewjob?jk=9ba2af0dadae83c3&tk=1fhq95u1o379b000&from=serp&vjs=3
[내일애-5차 병역지정] (주)비트바이트 웹프론트엔드개발자,비트바이트,서울 마포구,https://kr.indeed.com/viewjob?jk=e724c00cc3fd715d&tk=1fhq95u1o379b000&from=serp&vjs=3
"웹개발, 프론트엔드 외 경력 정규직",그레이프 파트너즈,서울 강남구,https://kr.indeed.com/viewjob?jk=f7c0dc434bd2b60e&tk=1fhq95u1o379b000&from=serp&vjs=3
병역특례(전문연구요원),클라리파이,서울 종로구,https://kr.indeed.com/viewjob?jk=8ebf31d6df669b0b&tk=1fhq95u1o379b000&from=serp&vjs=3
Front-End / Back-End 개발자 경력직,미디어앤시스템,서울 구로구,https://kr.indeed.com/viewjob?jk=570b0130af0a2faa&tk=1fhq95u1o379b000&from=serp&vjs=3
JAVA 개발자 경력직/신입,로지포커스,서울 성동구,https://kr.indeed.com/viewjob?jk=1e708a23b9f87c19&tk=1fhq95u1o379b000&from=serp&vjs=3
[내일애-5차 병역지정] 스마트쿱(주) 개발인력,스마트쿱,서울 성동구,https://kr.indeed.com/viewjob?jk=c2f8db7f7b0b2e64&tk=1fhq95u1o379b000&from=serp&vjs=3
스타트업 정규 개발직 신입사원,아이언트레인,서울 강남구,https://kr.indeed.com/viewjob?jk=705bf0430e414b69&tk=1fhq95u1o379b000&from=serp&vjs=3
[청년내일채움공제] 웹/모바일 개발자,성진하이텍,서울,https://kr.indeed.com/viewjob?jk=33af71aa484a246c&tk=1fhq95u1o379b000&from=serp&vjs=3
오타없는 코딩의 신(또는 후보자) 웹퍼블리셔,에코앤컴퍼니,서울 강서구,https://kr.indeed.com/viewjob?jk=5be379bb5f8b0e42&tk=1fhq95u1o379b000&from=serp&vjs=3
"웹개발, 백엔드 외 경력 정규직",프리퍼드,서울 성동구,https://kr.indeed.com/viewjob?jk=16dffc0bd548e78f&tk=1fhq95u1o379b000&from=serp&vjs=3
"웹개발, 백엔드 외 신입/경력 정규직",루츠랩,서울 강남구,https://kr.indeed.com/viewjob?jk=bea2c84d3b58637e&tk=1fhq95u1o379b000&from=serp&vjs=3
온라인 입시 박람회 웹개발자 신입/경력 정규직,유아이씨코퍼레이션,서울 금천구,https://kr.indeed.com/viewjob?jk=0c6a02a391877a0f&tk=1fhq95u1o379b000&from=serp&vjs=3
"아이엠비디엑스 IT개발자 [아기유니콘 선정,가족친화인증]",아이엠비디엑스,서울 금천구,https://kr.indeed.com/viewjob?jk=4c1036571cada5d6&tk=1fhq95u1o379b000&from=serp&vjs=3
프론트엔드 개발자 (스마트프런트팀),야놀자,서울 강남구,https://kr.indeed.com/viewjob?jk=85b633432fdc315d&tk=1fhq95u1o379b000&from=serp&vjs=3
프론트엔드 개발자,공팔리터,서울 강남구,https://kr.indeed.com/viewjob?jk=394c8dd4c8ea34c5&tk=1fhq95u1o379b000&from=serp&vjs=3
